"carrier";"origin";"destination";"year";"passengers"
" CM";"IAD";" PTY";2010;29180
" CM";"JFK";" PTY";2010;44987
" CM";"LAX";" PTY";2010;66095
" CM";"MCO";" PTY";2010;88299
" CM";"MIA";" PTY";2010;126017
" CM";"PTY";" IAD";2010;32648
" CM";"PTY";" JFK";2010;43801
" CM";"PTY";" LAX";2010;65539
" CM";"PTY";" MCO";2010;90496
" CM";"PTY";" MIA";2010;119916
" CM";"PTY";" SJU";2010;55405
" CM";"SJU";" PTY";2010;56284
" CO";"ABE";" EWR";2010;1093
" CO";"ABQ";" DEN";2010;149
" CO";"ABQ";" EGE";2010;83
" CO";"ABQ";" EWR";2010;105
" CO";"ABQ";" IAH";2010;21479
" CO";"ABQ";" LAS";2010;167
" CO";"ABQ";" LAX";2010;156
" CO";"ABQ";" PHX";2010;155
" CO";"ACA";" CLT";2010;119
" CO";"ACA";" EWR";2010;1613
" CO";"ACA";" IAH";2010;22781
" CO";"ACA";" MSY";2010;39
" CO";"ACT";" DEN";2010;207
" CO";"ACT";" SWO";2010;167
" CO";"ACY";" EWR";2010;281
" CO";"ADW";" DEN";2010;39
" CO";"ADW";" MCI";2010;25
" CO";"AGS";" ATL";2010;9
" CO";"ALB";" BOS";2010;158
" CO";"ALB";" EWR";2010;573
" CO";"AMA";" IAH";2010;173
" CO";"AMS";" BGR";2010;341
" CO";"AMS";" BOS";2010;187
" CO";"AMS";" EWR";2010;74843
" CO";"AMS";" IAH";2010;55246
" CO";"AMS";" MSY";2010;215
" CO";"ANC";" IAH";2010;22924
" CO";"ANC";" NRT";2010;183
" CO";"ANC";" PDX";2010;4017
" CO";"ANC";" SEA";2010;86671
" CO";"ANU";" EWR";2010;28431
" CO";"ARN";" CLE";2010;168
" CO";"ARN";" EWR";2010;51737
" CO";"ARN";" SWF";2010;161
" CO";"ATH";" EWR";2010;28076
" CO";"ATL";" BWI";2010;114
" CO";"ATL";" EWR";2010;56384
" CO";"ATL";" FLL";2010;55
" CO";"ATL";" IAD";2010;159
" CO";"ATL";" IAH";2010;59652
" CO";"ATL";" MSY";2010;261
" CO";"ATL";" PIT";2010;51
" CO";"ATL";" RDU";2010;120
" CO";"ATL";" TPA";2010;144
" CO";"ATW";" EWR";2010;141
" CO";"AUA";" EWR";2010;84530
" CO";"AUA";" IAH";2010;6549
" CO";"AUA";" LGA";2010;3962
" CO";"AUA";" PHL";2010;174
" CO";"AUS";" ABE";2010;64
" CO";"AUS";" DFW";2010;344
" CO";"AUS";" EWR";2010;80791
" CO";"AUS";" GSO";2010;78
" CO";"AUS";" IAH";2010;320164
" CO";"AUS";" IND";2010;110
" CO";"AUS";" LBB";2010;146
" CO";"AUS";" LGB";2010;190
" CO";"AUS";" LNK";2010;158
" CO";"AUS";" MHK";2010;150
" CO";"AUS";" RIC";2010;110
" CO";"AUS";" SWF";2010;97
" CO";"AUS";" SWO";2010;149
" CO";"BCN";" BGR";2010;808
" CO";"BCN";" BOS";2010;1233
" CO";"BCN";" EWR";2010;45822
" CO";"BCN";" SWF";2010;740
" CO";"BDA";" EWR";2010;54057
" CO";"BDL";" EWR";2010;753
" CO";"BFF";" DEN";2010;152
" CO";"BFI";" BOS";2010;50
" CO";"BFI";" LGB";2010;109
" CO";"BFI";" MDW";2010;57
" CO";"BFI";" SFO";2010;62
" CO";"BFS";" EWR";2010;44936
" CO";"BGR";" EWR";2010;2694
" CO";"BGR";" IAH";2010;172
" CO";"BHM";" IAH";2010;203
" CO";"BHX";" BOS";2010;161
" CO";"BHX";" EWR";2010;50337
" CO";"BJX";" IAH";2010;13054
" CO";"BJX";" LAX";2010;3109
" CO";"BNA";" DFW";2010;92
" CO";"BNA";" IAH";2010;249
" CO";"BNA";" MSY";2010;144
" CO";"BOG";" BWI";2010;234
" CO";"BOG";" EWR";2010;35737
" CO";"BOG";" IAH";2010;66676
" CO";"BOG";" LFT";2010;98
" CO";"BOG";" RIC";2010;237
" CO";"BOM";" EWR";2010;81328
" CO";"BOM";" ORD";2010;211
" CO";"BON";" EWR";2010;4046
" CO";"BON";" IAH";2010;9870
" CO";"BOS";" ABE";2010;65
" CO";"BOS";" ATH";2010;203
" CO";"BOS";" AUS";2010;117
" CO";"BOS";" BDL";2010;78
" CO";"BOS";" BOM";2010;264
" CO";"BOS";" BRU";2010;157
" CO";"BOS";" BWI";2010;208
" CO";"BOS";" CLE";2010;33052
" CO";"BOS";" DFW";2010;114
" CO";"BOS";" DTW";2010;64
" CO";"BOS";" EWR";2010;218950
" CO";"BOS";" IAH";2010;229991
" CO";"BOS";" LAX";2010;152
" CO";"BOS";" LFT";2010;114
" CO";"BOS";" LGA";2010;44
" CO";"BOS";" LHR";2010;171
" CO";"BOS";" MDW";2010;54
" CO";"BOS";" MHT";2010;91
" CO";"BOS";" MKC";2010;56
" CO";"BOS";" MSP";2010;57
" CO";"BOS";" MSY";2010;328
" CO";"BOS";" OAK";2010;47
" CO";"BOS";" YYZ";2010;120
" CO";"BPT";" IAH";2010;558
" CO";"BQN";" BOS";2010;159
" CO";"BQN";" EWR";2010;47465
" CO";"BRO";" IAH";2010;138
" CO";"BRS";" EWR";2010;37450
" CO";"BRU";" BWI";2010;213
" CO";"BRU";" EWR";2010;64854
" CO";"BRU";" IAD";2010;136
" CO";"BTR";" DCA";2010;159
" CO";"BTR";" IAH";2010;810
" CO";"BTR";" MSY";2010;159
" CO";"BTV";" EWR";2010;76
" CO";"BUF";" ATW";2010;121
" CO";"BUF";" BWI";2010;120
" CO";"BUF";" CLE";2010;130
" CO";"BUF";" CVG";2010;120
" CO";"BUF";" DTW";2010;277
" CO";"BUF";" EWR";2010;556
" CO";"BUF";" FLL";2010;125
" CO";"BUF";" MCI";2010;124
" CO";"BUF";" MSP";2010;121
" CO";"BUF";" PVD";2010;118
" CO";"BWI";" BOS";2010;222
" CO";"BWI";" BUF";2010;124
" CO";"BWI";" CLE";2010;404
" CO";"BWI";" CRP";2010;112
" CO";"BWI";" DCA";2010;73
" CO";"BWI";" DFW";2010;55
" CO";"BWI";" EWR";2010;5643
" CO";"BWI";" IAH";2010;186865
" CO";"BWI";" LFT";2010;283
" CO";"BWI";" LGA";2010;547
" CO";"BWI";" MDW";2010;51
" CO";"BWI";" MSY";2010;238
" CO";"BWI";" PHL";2010;308
" CO";"BWI";" PIE";2010;52
" CO";"BWI";" ROC";2010;151
" CO";"BWI";" SFO";2010;106
" CO";"BWI";" TPA";2010;151
" CO";"BWI";" YYZ";2010;109
" CO";"BZE";" AUS";2010;152
" CO";"BZE";" EWR";2010;3017
" CO";"BZE";" IAH";2010;65048
" CO";"BZE";" SAT";2010;25
" CO";"CAK";" SYR";2010;141
" CO";"CCS";" EWR";2010;666
" CO";"CCS";" HOU";2010;69
" CO";"CCS";" IAH";2010;40397
" CO";"CCS";" LFT";2010;131
" CO";"CDG";" ALB";2010;158
" CO";"CDG";" AUS";2010;399
" CO";"CDG";" CLE";2010;304
" CO";"CDG";" EWR";2010;114800
" CO";"CDG";" IAH";2010;58035
" CO";"CDG";" SWF";2010;497
" CO";"CDG";" SYR";2010;194
" CO";"CHS";" EWR";2010;255
" CO";"CKB";" EWR";2010;144
" CO";"CKB";" SYR";2010;138
" CO";"CLE";" ABQ";2010;149
" CO";"CLE";" ATW";2010;151
" CO";"CLE";" BDL";2010;139
" CO";"CLE";" BFI";2010;56
" CO";"CLE";" BOS";2010;36951
" CO";"CLE";" BPT";2010;287
" CO";"CLE";" BUF";2010;128
" CO";"CLE";" BWI";2010;234
" CO";"CLE";" CDG";2010;161
" CO";"CLE";" CLT";2010;153
" CO";"CLE";" CMH";2010;227
" CO";"CLE";" COS";2010;460
" CO";"CLE";" CUN";2010;19670
" CO";"CLE";" CVG";2010;138
" CO";"CLE";" DEN";2010;48559
" CO";"CLE";" DFW";2010;191
" CO";"CLE";" DTW";2010;271
" CO";"CLE";" EGE";2010;81
" CO";"CLE";" EWR";2010;155506
" CO";"CLE";" FLL";2010;69001
" CO";"CLE";" IAH";2010;258463
" CO";"CLE";" IND";2010;92
" CO";"CLE";" JAX";2010;248
" CO";"CLE";" LAS";2010;177491
" CO";"CLE";" LAX";2010;142484
" CO";"CLE";" LCH";2010;97
" CO";"CLE";" LGA";2010;38851
" CO";"CLE";" MCI";2010;217
" CO";"CLE";" MCO";2010;121619
" CO";"CLE";" MDW";2010;52
" CO";"CLE";" MIA";2010;4264
" CO";"CLE";" MKC";2010;103
" CO";"CLE";" MSP";2010;153
" CO";"CLE";" MSY";2010;131
" CO";"CLE";" ORD";2010;84
" CO";"CLE";" PBI";2010;8938
" CO";"CLE";" PHX";2010;82892
" CO";"CLE";" PIE";2010;237
" CO";"CLE";" RSW";2010;64574
" CO";"CLE";" SAN";2010;2837
" CO";"CLE";" SAT";2010;173
" CO";"CLE";" SEA";2010;23512
" CO";"CLE";" SFO";2010;65013
" CO";"CLE";" SJC";2010;20
" CO";"CLE";" SJU";2010;5690
" CO";"CLE";" TLH";2010;156
" CO";"CLE";" TPA";2010;65442
" CO";"CLE";" TUS";2010;159
" CO";"CLE";" YYZ";2010;51
" CO";"CLL";" GEG";2010;116
" CO";"CLL";" MCI";2010;155
" CO";"CLL";" MCO";2010;52
" CO";"CLL";" OKC";2010;158
" CO";"CLL";" SEA";2010;97
" CO";"CLT";" ATL";2010;64
" CO";"CLT";" EWR";2010;73991
" CO";"CLT";" IAD";2010;98
" CO";"CLT";" IAH";2010;34333
" CO";"CLT";" LGA";2010;156
" CO";"CLT";" MCO";2010;153
" CO";"CLT";" MSY";2010;148
" CO";"CLT";" TPA";2010;327
" CO";"CMH";" AUS";2010;84
" CO";"CMH";" EWR";2010;262
" CO";"CMH";" IAH";2010;47660
" CO";"CNS";" GUM";2010;646
" CO";"COS";" DEN";2010;925
" CO";"CPH";" BOS";2010;159
" CO";"CPH";" EWR";2010;48963
" CO";"CPH";" PHL";2010;167
" CO";"CRP";" IAH";2010;825
" CO";"CTS";" GUM";2010;655
" CO";"CUN";" AUS";2010;377
" CO";"CUN";" BWI";2010;101
" CO";"CUN";" CLE";2010;20674
" CO";"CUN";" DFW";2010;197
" CO";"CUN";" EFD";2010;263
" CO";"CUN";" EWR";2010;134768
" CO";"CUN";" IAH";2010;320069
" CO";"CUN";" MSY";2010;319
" CO";"CUN";" ORF";2010;168
" CO";"CUN";" PHL";2010;306
" CO";"CUN";" SAT";2010;410
" CO";"CUN";" SWF";2010;141
" CO";"CUR";" EWR";2010;2701
" CO";"CVG";" BUF";2010;121
" CO";"CVG";" CLE";2010;184
" CO";"CVG";" EWR";2010;285
" CO";"CVG";" IAH";2010;127
" CO";"CVG";" MKC";2010;55
" CO";"CVG";" MKE";2010;38
" CO";"CVG";" MSY";2010;153
" CO";"CVG";" PHL";2010;53
" CO";"CVG";" PIT";2010;48
" CO";"CVG";" SYR";2010;138
" CO";"CVG";" TPA";2010;342
" CO";"CYB";" IAH";2010;79
" CO";"CZM";" AUS";2010;167
" CO";"CZM";" CRP";2010;145
" CO";"CZM";" EWR";2010;1688
" CO";"CZM";" IAH";2010;70281
" CO";"CZM";" SAT";2010;162
" CO";"DAL";" DFW";2010;56
" CO";"DCA";" BPT";2010;160
" CO";"DCA";" BTR";2010;317
" CO";"DCA";" CRP";2010;101
" CO";"DCA";" DFW";2010;118
" CO";"DCA";" EWR";2010;297
" CO";"DCA";" HOU";2010;114
" CO";"DCA";" IAH";2010;277819
" CO";"DCA";" LCH";2010;115
" CO";"DCA";" MSY";2010;584
" CO";"DCA";" PIT";2010;66
" CO";"DCA";" PVD";2010;154
" CO";"DCA";" SHV";2010;158
" CO";"DCA";" TPA";2010;153
" CO";"DEL";" CLE";2010;0
" CO";"DEL";" EWR";2010;90308
" CO";"DEN";" ACT";2010;212
" CO";"DEN";" AUS";2010;160
" CO";"DEN";" BDL";2010;112
" CO";"DEN";" CLE";2010;46557
" CO";"DEN";" DFW";2010;212
" CO";"DEN";" DTW";2010;156
" CO";"DEN";" EGE";2010;356
" CO";"DEN";" EWR";2010;145110
" CO";"DEN";" GUC";2010;197
" CO";"DEN";" HDN";2010;196
" CO";"DEN";" IAH";2010;324572
" CO";"DEN";" LAS";2010;514
" CO";"DEN";" LAX";2010;818
" CO";"DEN";" MKE";2010;47
" CO";"DEN";" PDX";2010;147
" CO";"DEN";" PHX";2010;152
" CO";"DEN";" SAN";2010;308
" CO";"DEN";" SAT";2010;122
" CO";"DEN";" SEA";2010;139
" CO";"DEN";" SFO";2010;784
" CO";"DEN";" STL";2010;43
" CO";"DFW";" AUS";2010;175
" CO";"DFW";" BWI";2010;204
" CO";"DFW";" DTW";2010;142
" CO";"DFW";" EWR";2010;126093
" CO";"DFW";" IAH";2010;85462
" CO";"DFW";" MKC";2010;100
" CO";"DFW";" MKE";2010;57
" CO";"DFW";" MSY";2010;141
" CO";"DFW";" OKC";2010;40
" CO";"DFW";" ORF";2010;84
" CO";"DFW";" PDX";2010;158
" CO";"DFW";" PHL";2010;54
" CO";"DFW";" PIE";2010;187
" CO";"DFW";" PVD";2010;51
" CO";"DFW";" RDU";2010;64
" CO";"DFW";" SWF";2010;98
" CO";"DTW";" ATW";2010;123
" CO";"DTW";" BNA";2010;85
" CO";"DTW";" BUF";2010;280
" CO";"DTW";" BWI";2010;63
" CO";"DTW";" CLE";2010;445
" CO";"DTW";" DEN";2010;153
" CO";"DTW";" DFW";2010;284
" CO";"DTW";" EWR";2010;1280
" CO";"DTW";" FLL";2010;131
" CO";"DTW";" IAH";2010;134051
" CO";"DTW";" MDW";2010;49
" CO";"DTW";" MSP";2010;178
" CO";"DTW";" ORD";2010;207
" CO";"DTW";" PIE";2010;52
" CO";"DTW";" PIT";2010;153
" CO";"DTW";" TPA";2010;130
" CO";"DUB";" BGR";2010;235
" CO";"DUB";" EWR";2010;88475
" CO";"EDI";" BGR";2010;137
" CO";"EDI";" EWR";2010;79358
" CO";"EFD";" IAH";2010;925
" CO";"EGE";" DEN";2010;208
" CO";"EGE";" EWR";2010;8844
" CO";"EGE";" IAH";2010;13998
" CO";"EGE";" SAT";2010;167
" CO";"ELP";" AUS";2010;112
" CO";"ELP";" IAH";2010;4949
" CO";"EWR";" ABQ";2010;581
" CO";"EWR";" ACA";2010;1728
" CO";"EWR";" AMD";2010;409
" CO";"EWR";" AMS";2010;75230
" CO";"EWR";" ANU";2010;28466
" CO";"EWR";" ARN";2010;51401
" CO";"EWR";" ATH";2010;27566
" CO";"EWR";" ATL";2010;58198
" CO";"EWR";" ATW";2010;129
" CO";"EWR";" AUA";2010;86152
" CO";"EWR";" AUS";2010;77888
" CO";"EWR";" BCN";2010;52171
" CO";"EWR";" BDA";2010;52260
" CO";"EWR";" BFF";2010;152
" CO";"EWR";" BFS";2010;46099
" CO";"EWR";" BHX";2010;49394
" CO";"EWR";" BNA";2010;92
" CO";"EWR";" BOG";2010;35364
" CO";"EWR";" BOM";2010;80251
" CO";"EWR";" BON";2010;4310
" CO";"EWR";" BOS";2010;220308
" CO";"EWR";" BQN";2010;47636
" CO";"EWR";" BRS";2010;37976
" CO";"EWR";" BRU";2010;67499
" CO";"EWR";" BTR";2010;159
" CO";"EWR";" BTV";2010;49
" CO";"EWR";" BUF";2010;126
" CO";"EWR";" BZE";2010;2899
" CO";"EWR";" CCS";2010;823
" CO";"EWR";" CDG";2010;114755
" CO";"EWR";" CHS";2010;138
" CO";"EWR";" CLE";2010;156630
" CO";"EWR";" CLO";2010;301
" CO";"EWR";" CLT";2010;77899
" CO";"EWR";" CMH";2010;64
" CO";"EWR";" COS";2010;305
" CO";"EWR";" CPH";2010;48840
" CO";"EWR";" CUN";2010;134783
" CO";"EWR";" CUR";2010;2895
" CO";"EWR";" CVG";2010;338
" CO";"EWR";" CZM";2010;1691
" CO";"EWR";" DAL";2010;56
" CO";"EWR";" DCA";2010;456
" CO";"EWR";" DEL";2010;88759
" CO";"EWR";" DEN";2010;157453
" CO";"EWR";" DFW";2010;130240
" CO";"EWR";" DTW";2010;372
" CO";"EWR";" DUB";2010;90342
" CO";"EWR";" EDI";2010;78024
" CO";"EWR";" EGE";2010;10072
" CO";"EWR";" FCO";2010;62710
" CO";"EWR";" FLL";2010;343039
" CO";"EWR";" FMN";2010;160
" CO";"EWR";" FPO";2010;110
" CO";"EWR";" FRA";2010;80531
" CO";"EWR";" GCM";2010;15096
" CO";"EWR";" GJT";2010;105
" CO";"EWR";" GLA";2010;52828
" CO";"EWR";" GRU";2010;50174
" CO";"EWR";" GUA";2010;8726
" CO";"EWR";" GVA";2010;57822
" CO";"EWR";" HAM";2010;51670
" CO";"EWR";" HDN";2010;1540
" CO";"EWR";" HKG";2010;90438
" CO";"EWR";" HNL";2010;74774
" CO";"EWR";" IAH";2010;547969
" CO";"EWR";" IND";2010;321
" CO";"EWR";" JAX";2010;8884
" CO";"EWR";" LAS";2010;356494
" CO";"EWR";" LAX";2010;350825
" CO";"EWR";" LCA";2010;194
" CO";"EWR";" LFT";2010;173
" CO";"EWR";" LGA";2010;126
" CO";"EWR";" LGW";2010;95
" CO";"EWR";" LHR";2010;219706
" CO";"EWR";" LIM";2010;41957
" CO";"EWR";" LIR";2010;7487
" CO";"EWR";" LIS";2010;47962
" CO";"EWR";" MAD";2010;67574
" CO";"EWR";" MAN";2010;99187
" CO";"EWR";" MBJ";2010;27615
" CO";"EWR";" MCI";2010;801
" CO";"EWR";" MCO";2010;484306
" CO";"EWR";" MEX";2010;85524
" CO";"EWR";" MGA";2010;141
" CO";"EWR";" MIA";2010;224234
" CO";"EWR";" MKE";2010;105
" CO";"EWR";" MSP";2010;394
" CO";"EWR";" MSY";2010;74832
" CO";"EWR";" MTJ";2010;1908
" CO";"EWR";" MUC";2010;43717
" CO";"EWR";" MXP";2010;47233
" CO";"EWR";" MYR";2010;2147
" CO";"EWR";" NAS";2010;68466
" CO";"EWR";" NRT";2010;82068
" CO";"EWR";" OKC";2010;203
" CO";"EWR";" OMA";2010;631
" CO";"EWR";" ONT";2010;409
" CO";"EWR";" ORD";2010;180705
" CO";"EWR";" OSL";2010;59405
" CO";"EWR";" PBI";2010;257689
" CO";"EWR";" PDX";2010;81551
" CO";"EWR";" PEK";2010;90027
" CO";"EWR";" PHL";2010;60
" CO";"EWR";" PHX";2010;174401
" CO";"EWR";" PIE";2010;61
" CO";"EWR";" PIK";2010;161
" CO";"EWR";" PIT";2010;534
" CO";"EWR";" PLS";2010;155
" CO";"EWR";" POP";2010;44708
" CO";"EWR";" POS";2010;17693
" CO";"EWR";" PTY";2010;52690
" CO";"EWR";" PUB";2010;148
" CO";"EWR";" PUJ";2010;80504
" CO";"EWR";" PVG";2010;82582
" CO";"EWR";" PVR";2010;14899
" CO";"EWR";" RDU";2010;12080
" CO";"EWR";" RSW";2010;134994
" CO";"EWR";" RTB";2010;658
" CO";"EWR";" SAL";2010;7380
" CO";"EWR";" SAN";2010;164068
" CO";"EWR";" SAP";2010;6711
" CO";"EWR";" SAT";2010;59792
" CO";"EWR";" SAV";2010;123
" CO";"EWR";" SDF";2010;704
" CO";"EWR";" SDQ";2010;81550
" CO";"EWR";" SEA";2010;182054
" CO";"EWR";" SFO";2010;309914
" CO";"EWR";" SHA";2010;279
" CO";"EWR";" SHV";2010;70
" CO";"EWR";" SJC";2010;535
" CO";"EWR";" SJD";2010;25872
" CO";"EWR";" SJO";2010;92490
" CO";"EWR";" SJU";2010;162804
" CO";"EWR";" SLC";2010;163
" CO";"EWR";" SMF";2010;351
" CO";"EWR";" SNA";2010;92795
" CO";"EWR";" SNN";2010;61102
" CO";"EWR";" STL";2010;229
" CO";"EWR";" STT";2010;29065
" CO";"EWR";" SXM";2010;41313
" CO";"EWR";" SYR";2010;133
" CO";"EWR";" TER";2010;81
" CO";"EWR";" TLV";2010;177112
" CO";"EWR";" TPA";2010;261648
" CO";"EWR";" TXL";2010;46578
" CO";"EWR";" YQB";2010;2872
" CO";"EWR";" YQM";2010;108
" CO";"EWR";" YVR";2010;11321
" CO";"EWR";" YYT";2010;6090
" CO";"EWR";" YYZ";2010;8242
" CO";"EWR";" ZRH";2010;51079
" CO";"EZE";" IAH";2010;53228
" CO";"FAR";" EWR";2010;314
" CO";"FCO";" EWR";2010;63788
" CO";"FLL";" ABE";2010;175
" CO";"FLL";" AUS";2010;173
" CO";"FLL";" BDL";2010;60
" CO";"FLL";" BOS";2010;110
" CO";"FLL";" BUF";2010;128
" CO";"FLL";" BWI";2010;597
" CO";"FLL";" CLE";2010;69095
" CO";"FLL";" DTW";2010;137
" CO";"FLL";" EWR";2010;333467
" CO";"FLL";" IAH";2010;263897
" CO";"FLL";" LFT";2010;149
" CO";"FLL";" MIA";2010;125
" CO";"FLL";" MSY";2010;309
" CO";"FLL";" ORF";2010;155
" CO";"FLL";" PHL";2010;231
" CO";"FLL";" PIE";2010;39
" CO";"FLL";" PIT";2010;114
" CO";"FLL";" RIC";2010;113
" CO";"FLL";" SAN";2010;56
" CO";"FLL";" STL";2010;50
" CO";"FLL";" STT";2010;120
" CO";"FLL";" TPA";2010;281
" CO";"FMN";" LAX";2010;160
" CO";"FOE";" CLL";2010;163
" CO";"FOE";" SWO";2010;127
" CO";"FPO";" EWR";2010;141
" CO";"FRA";" EWR";2010;80514
" CO";"FRA";" IAH";2010;66794
" CO";"FSD";" MSP";2010;82
" CO";"FUK";" GUM";2010;1017
" CO";"GCM";" AUS";2010;161
" CO";"GCM";" EWR";2010;15214
" CO";"GCM";" IAH";2010;23869
" CO";"GCN";" LAX";2010;318
" CO";"GDL";" IAH";2010;30773
" CO";"GEG";" IAH";2010;120
" CO";"GIG";" IAH";2010;68093
" CO";"GJT";" DEN";2010;105
" CO";"GLA";" BWI";2010;168
" CO";"GLA";" EWR";2010;53627
" CO";"GRB";" BUF";2010;124
" CO";"GRB";" CLE";2010;157
" CO";"GRB";" DTW";2010;127
" CO";"GRU";" EWR";2010;50459
" CO";"GRU";" IAH";2010;51535
" CO";"GSO";" EWR";2010;78
" CO";"GSP";" TPA";2010;50
" CO";"GUA";" BTR";2010;106
" CO";"GUA";" EWR";2010;8617
" CO";"GUA";" IAH";2010;113659
" CO";"GUA";" MIA";2010;150
" CO";"GUA";" MSY";2010;32
" CO";"GUC";" IAH";2010;1243
" CO";"GUM";" CNS";2010;559
" CO";"GUM";" CTS";2010;419
" CO";"GUM";" FUK";2010;621
" CO";"GUM";" HIJ";2010;262
" CO";"GUM";" HKG";2010;443
" CO";"GUM";" HNL";2010;1952
" CO";"GUM";" KIJ";2010;201
" CO";"GUM";" KIX";2010;2185
" CO";"GUM";" MAJ";2010;41
" CO";"GUM";" MNL";2010;1880
" CO";"GUM";" NAN";2010;116
" CO";"GUM";" NGO";2010;1411
" CO";"GUM";" NRT";2010;5101
" CO";"GUM";" OKJ";2010;202
" CO";"GUM";" ROR";2010;919
" CO";"GUM";" SDJ";2010;396
" CO";"GUM";" TKK";2010;646
" CO";"GUM";" YAP";2010;164
" CO";"GVA";" DTW";2010;227
" CO";"GVA";" EWR";2010;57163
" CO";"HAM";" BOS";2010;158
" CO";"HAM";" CLE";2010;148
" CO";"HAM";" EWR";2010;49540
" CO";"HDN";" AUS";2010;133
" CO";"HDN";" EWR";2010;1270
" CO";"HDN";" IAH";2010;11680
" CO";"HIJ";" GUM";2010;492
" CO";"HKG";" CLE";2010;215
" CO";"HKG";" EWR";2010;91564
" CO";"HKG";" GUM";2010;353
" CO";"HNL";" DTW";2010;213
" CO";"HNL";" EWR";2010;77235
" CO";"HNL";" GUM";2010;1741
" CO";"HNL";" IAH";2010;137681
" CO";"HNL";" LAX";2010;82743
" CO";"HNL";" MAJ";2010;548
" CO";"HNL";" NAN";2010;119
" CO";"HNL";" PIT";2010;201
" CO";"HNL";" SNA";2010;19069
" CO";"HOU";" IAH";2010;451
" CO";"HRL";" IAH";2010;55
" CO";"HRL";" MFE";2010;110
" CO";"IAD";" BWI";2010;162
" CO";"IAD";" DCA";2010;154
" CO";"IAD";" EWR";2010;1999
" CO";"IAD";" IAH";2010;427
" CO";"IAD";" LGA";2010;254
" CO";"IAD";" MKC";2010;55
" CO";"IAD";" PIT";2010;43
" CO";"IAH";" ABQ";2010;19954
" CO";"IAH";" ACA";2010;23224
" CO";"IAH";" AGS";2010;68
" CO";"IAH";" ALB";2010;158
" CO";"IAH";" AMS";2010;59364
" CO";"IAH";" ANC";2010;23093
" CO";"IAH";" ATL";2010;61821
" CO";"IAH";" AUA";2010;6730
" CO";"IAH";" AUS";2010;310143
" CO";"IAH";" BDL";2010;244
" CO";"IAH";" BHM";2010;218
" CO";"IAH";" BJX";2010;15804
" CO";"IAH";" BNA";2010;161
" CO";"IAH";" BOG";2010;67666
" CO";"IAH";" BON";2010;9966
" CO";"IAH";" BOS";2010;233112
" CO";"IAH";" BRU";2010;228
" CO";"IAH";" BTR";2010;496
" CO";"IAH";" BWI";2010;189349
" CO";"IAH";" BZE";2010;64916
" CO";"IAH";" CCS";2010;40361
" CO";"IAH";" CDG";2010;59177
" CO";"IAH";" CLE";2010;268569
" CO";"IAH";" CLO";2010;111
" CO";"IAH";" CLT";2010;36779
" CO";"IAH";" CMH";2010;50228
" CO";"IAH";" CNF";2010;185
" CO";"IAH";" COS";2010;160
" CO";"IAH";" CUN";2010;321979
" CO";"IAH";" CYB";2010;79
" CO";"IAH";" CZM";2010;69392
" CO";"IAH";" DCA";2010;279751
" CO";"IAH";" DEN";2010;328335
" CO";"IAH";" DFW";2010;88288
" CO";"IAH";" DTW";2010;136675
" CO";"IAH";" EGE";2010;13227
" CO";"IAH";" ELP";2010;4287
" CO";"IAH";" EWR";2010;539468
" CO";"IAH";" EZE";2010;52902
" CO";"IAH";" FLL";2010;257829
" CO";"IAH";" FRA";2010;70830
" CO";"IAH";" FSD";2010;82
" CO";"IAH";" GCM";2010;25005
" CO";"IAH";" GDL";2010;33993
" CO";"IAH";" GEG";2010;120
" CO";"IAH";" GIG";2010;66956
" CO";"IAH";" GRU";2010;51701
" CO";"IAH";" GUA";2010;115915
" CO";"IAH";" GUC";2010;1504
" CO";"IAH";" GYE";2010;1218
" CO";"IAH";" HDN";2010;11577
" CO";"IAH";" HNL";2010;131623
" CO";"IAH";" HRL";2010;186
" CO";"IAH";" IAD";2010;1580
" CO";"IAH";" IND";2010;45844
" CO";"IAH";" JAN";2010;60
" CO";"IAH";" JAX";2010;161
" CO";"IAH";" KIN";2010;140
" CO";"IAH";" LAS";2010;426666
" CO";"IAH";" LAX";2010;567222
" CO";"IAH";" LBB";2010;148
" CO";"IAH";" LFT";2010;67
" CO";"IAH";" LGA";2010;314690
" CO";"IAH";" LHR";2010;153192
" CO";"IAH";" LIM";2010;56539
" CO";"IAH";" LIR";2010;62791
" CO";"IAH";" LIT";2010;159
" CO";"IAH";" LRD";2010;119
" CO";"IAH";" MAF";2010;73
" CO";"IAH";" MAN";2010;111
" CO";"IAH";" MBJ";2010;21056
" CO";"IAH";" MCI";2010;10385
" CO";"IAH";" MCO";2010;334390
" CO";"IAH";" MDW";2010;46
" CO";"IAH";" MEM";2010;166
" CO";"IAH";" MEX";2010;210027
" CO";"IAH";" MFE";2010;104729
" CO";"IAH";" MGA";2010;63484
" CO";"IAH";" MIA";2010;157112
" CO";"IAH";" MID";2010;32341
" CO";"IAH";" MKE";2010;392
" CO";"IAH";" MSP";2010;32129
" CO";"IAH";" MSY";2010;417005
" CO";"IAH";" MTJ";2010;7569
" CO";"IAH";" MTY";2010;43243
" CO";"IAH";" MVD";2010;160
" CO";"IAH";" MZT";2010;4878
" CO";"IAH";" NAS";2010;4888
" CO";"IAH";" NRT";2010;85217
" CO";"IAH";" OKC";2010;34403
" CO";"IAH";" OMA";2010;36363
" CO";"IAH";" ONT";2010;142845
" CO";"IAH";" ORD";2010;343794
" CO";"IAH";" ORF";2010;873
" CO";"IAH";" PBI";2010;61493
" CO";"IAH";" PDX";2010;194489
" CO";"IAH";" PHL";2010;229719
" CO";"IAH";" PHX";2010;254725
" CO";"IAH";" PIB";2010;147
" CO";"IAH";" PIE";2010;56
" CO";"IAH";" PIO";2010;168
" CO";"IAH";" PIT";2010;88855
" CO";"IAH";" POP";2010;103
" CO";"IAH";" POS";2010;36533
" CO";"IAH";" PTY";2010;93576
" CO";"IAH";" PVD";2010;88
" CO";"IAH";" PVR";2010;65258
" CO";"IAH";" RDU";2010;77545
" CO";"IAH";" RIC";2010;664
" CO";"IAH";" ROC";2010;156
" CO";"IAH";" RSW";2010;91435
" CO";"IAH";" RTB";2010;20752
" CO";"IAH";" SAL";2010;81792
" CO";"IAH";" SAN";2010;322556
" CO";"IAH";" SAP";2010;43279
" CO";"IAH";" SAT";2010;321427
" CO";"IAH";" SDF";2010;504
" CO";"IAH";" SEA";2010;370746
" CO";"IAH";" SFO";2010;354301
" CO";"IAH";" SJC";2010;129365
" CO";"IAH";" SJD";2010;71377
" CO";"IAH";" SJO";2010;150246
" CO";"IAH";" SJU";2010;90682
" CO";"IAH";" SLC";2010;88236
" CO";"IAH";" SMF";2010;158133
" CO";"IAH";" SNA";2010;195776
" CO";"IAH";" STL";2010;732
" CO";"IAH";" SWF";2010;290
" CO";"IAH";" TGU";2010;31963
" CO";"IAH";" TPA";2010;224632
" CO";"IAH";" TUL";2010;23513
" CO";"IAH";" TUS";2010;31997
" CO";"IAH";" UIO";2010;35831
" CO";"IAH";" VCP";2010;173
" CO";"IAH";" YEG";2010;37303
" CO";"IAH";" YVR";2010;73253
" CO";"IAH";" YYC";2010;108652
" CO";"IAH";" YYZ";2010;1591
" CO";"IAH";" ZIH";2010;8059
" CO";"IND";" CLE";2010;9
" CO";"IND";" EWR";2010;792
" CO";"IND";" IAH";2010;42620
" CO";"IND";" LAS";2010;82
" CO";"IND";" ORD";2010;609
" CO";"JAN";" MOB";2010;46
" CO";"JAX";" ATL";2010;88
" CO";"JAX";" BOG";2010;73
" CO";"JAX";" CLE";2010;298
" CO";"JAX";" EWR";2010;7082
" CO";"JAX";" IAH";2010;665
" CO";"JAX";" MBJ";2010;157
" CO";"JAX";" MCO";2010;504
" CO";"JAX";" PTY";2010;155
" CO";"JAX";" TPA";2010;289
" CO";"KEF";" EWR";2010;88
" CO";"KIJ";" GUM";2010;229
" CO";"KIX";" GUM";2010;2679
" CO";"LAS";" ADW";2010;54
" CO";"LAS";" CLE";2010;173079
" CO";"LAS";" DFW";2010;213
" CO";"LAS";" EFD";2010;173
" CO";"LAS";" EWR";2010;347698
" CO";"LAS";" HOU";2010;162
" CO";"LAS";" IAH";2010;429488
" CO";"LAS";" IND";2010;84
" CO";"LAS";" LAX";2010;158
" CO";"LAS";" MCI";2010;287
" CO";"LAS";" ORD";2010;173
" CO";"LAS";" PHL";2010;331
" CO";"LAS";" PHX";2010;382
" CO";"LAS";" PIT";2010;208
" CO";"LAS";" ROC";2010;165
" CO";"LAS";" SAT";2010;776
" CO";"LAS";" STL";2010;146
" CO";"LAS";" SWF";2010;195
" CO";"LAX";" AUS";2010;456
" CO";"LAX";" BFI";2010;48
" CO";"LAX";" BJX";2010;5299
" CO";"LAX";" BOS";2010;148
" CO";"LAX";" BWI";2010;311
" CO";"LAX";" CLE";2010;143889
" CO";"LAX";" CMH";2010;164
" CO";"LAX";" EWR";2010;356307
" CO";"LAX";" GCN";2010;318
" CO";"LAX";" HNL";2010;82399
" CO";"LAX";" IAH";2010;549214
" CO";"LAX";" MCI";2010;379
" CO";"LAX";" MSY";2010;234
" CO";"LAX";" OGG";2010;26038
" CO";"LAX";" PHL";2010;323
" CO";"LAX";" PHX";2010;87
" CO";"LAX";" PIT";2010;160
" CO";"LAX";" SAT";2010;563
" CO";"LAX";" SFO";2010;157
" CO";"LAX";" SNA";2010;122
" CO";"LAX";" SWF";2010;313
" CO";"LAX";" SYR";2010;165
" CO";"LAX";" TUL";2010;124
" CO";"LBB";" AUS";2010;146
" CO";"LBB";" IAH";2010;155
" CO";"LBB";" SWO";2010;135
" CO";"LCH";" IAH";2010;1046
" CO";"LFT";" IAH";2010;1988
" CO";"LFT";" MSY";2010;240
" CO";"LFT";" SWO";2010;135
" CO";"LGA";" AUA";2010;4036
" CO";"LGA";" AUS";2010;307
" CO";"LGA";" BON";2010;115
" CO";"LGA";" BWI";2010;108
" CO";"LGA";" CLE";2010;39919
" CO";"LGA";" CMH";2010;149
" CO";"LGA";" DTW";2010;52
" CO";"LGA";" EWR";2010;129
" CO";"LGA";" IAH";2010;316281
" CO";"LGA";" LFT";2010;274
" CO";"LGA";" MCI";2010;59
" CO";"LGA";" MKC";2010;65
" CO";"LGA";" MSP";2010;53
" CO";"LGA";" OAK";2010;55
" CO";"LGA";" PTK";2010;51
" CO";"LGA";" SHV";2010;152
" CO";"LGB";" AUS";2010;211
" CO";"LGB";" BWI";2010;55
" CO";"LGB";" CLE";2010;108
" CO";"LGB";" DEN";2010;40
" CO";"LGB";" MCI";2010;55
" CO";"LGB";" PIE";2010;107
" CO";"LHR";" BOS";2010;372
" CO";"LHR";" EWR";2010;220836
" CO";"LHR";" IAH";2010;151807
" CO";"LHR";" SWF";2010;400
" CO";"LIM";" EWR";2010;43319
" CO";"LIM";" IAH";2010;55198
" CO";"LIM";" MCO";2010;156
" CO";"LIR";" EWR";2010;6817
" CO";"LIR";" IAH";2010;65461
" CO";"LIR";" MSY";2010;75
" CO";"LIR";" PHL";2010;154
" CO";"LIR";" SAT";2010;308
" CO";"LIS";" EWR";2010;46749
" CO";"LIT";" PHL";2010;159
" CO";"LNK";" AUS";2010;160
" CO";"LRD";" MTY";2010;119
" CO";"MAD";" EWR";2010;65661
" CO";"MAF";" IAH";2010;52
" CO";"MAJ";" GUM";2010;76
" CO";"MAJ";" HNL";2010;315
" CO";"MAN";" BGR";2010;341
" CO";"MAN";" EWR";2010;98830
" CO";"MAN";" SWF";2010;171
" CO";"MAN";" SYR";2010;167
" CO";"MBJ";" CHS";2010;112
" CO";"MBJ";" CLE";2010;168
" CO";"MBJ";" EWR";2010;27033
" CO";"MBJ";" IAH";2010;22329
" CO";"MBJ";" MSY";2010;172
" CO";"MCI";" BUF";2010;122
" CO";"MCI";" BWI";2010;108
" CO";"MCI";" CLE";2010;149
" CO";"MCI";" DTW";2010;148
" CO";"MCI";" EWR";2010;666
" CO";"MCI";" IAH";2010;11188
" CO";"MCI";" LAS";2010;25
" CO";"MCI";" LAX";2010;156
" CO";"MCI";" LGA";2010;58
" CO";"MCI";" LGB";2010;52
" CO";"MCI";" MSP";2010;116
" CO";"MCI";" OMA";2010;56
" CO";"MCI";" ORD";2010;128
" CO";"MCI";" PIE";2010;65
" CO";"MCI";" PTK";2010;167
" CO";"MCI";" SFO";2010;555
" CO";"MCO";" ACY";2010;172
" CO";"MCO";" BOG";2010;124
" CO";"MCO";" CLE";2010;121479
" CO";"MCO";" CLL";2010;52
" CO";"MCO";" CRP";2010;171
" CO";"MCO";" CUN";2010;313
" CO";"MCO";" DFW";2010;210
" CO";"MCO";" DTW";2010;160
" CO";"MCO";" EFD";2010;67
" CO";"MCO";" EWR";2010;474267
" CO";"MCO";" FLL";2010;94
" CO";"MCO";" IAD";2010;216
" CO";"MCO";" IAH";2010;341561
" CO";"MCO";" MSY";2010;724
" CO";"MCO";" ORF";2010;344
" CO";"MCO";" PHL";2010;345
" CO";"MCO";" PTY";2010;7418
" CO";"MCO";" RDU";2010;386
" CO";"MCO";" RIC";2010;314
" CO";"MCO";" SJU";2010;38
" CO";"MCO";" TLH";2010;130
" CO";"MCO";" TPA";2010;440
" CO";"MDW";" CLE";2010;87
" CO";"MDW";" DFW";2010;56
" CO";"MDW";" LAX";2010;55
" CO";"MDW";" MCI";2010;86
" CO";"MDW";" PIE";2010;53
" CO";"MDW";" PTK";2010;55
" CO";"MEM";" IAH";2010;321
" CO";"MEX";" AUS";2010;112
" CO";"MEX";" BWI";2010;323
" CO";"MEX";" CLE";2010;152
" CO";"MEX";" CLT";2010;156
" CO";"MEX";" DFW";2010;163
" CO";"MEX";" EFD";2010;82
" CO";"MEX";" EWR";2010;81248
" CO";"MEX";" IAD";2010;124
" CO";"MEX";" IAH";2010;206264
" CO";"MEX";" MFE";2010;113
" CO";"MEX";" MSY";2010;61
" CO";"MEX";" SAT";2010;97
" CO";"MFE";" IAH";2010;111264
" CO";"MFE";" MTY";2010;30
" CO";"MGA";" EWR";2010;141
" CO";"MGA";" IAH";2010;63888
" CO";"MGA";" LCH";2010;119
" CO";"MGA";" MSY";2010;113
" CO";"MGA";" SAT";2010;98
" CO";"MHK";" AUS";2010;154
" CO";"MHT";" CLE";2010;34
" CO";"MIA";" BOS";2010;60
" CO";"MIA";" BWI";2010;167
" CO";"MIA";" CLE";2010;4284
" CO";"MIA";" EWR";2010;219704
" CO";"MIA";" FLL";2010;160
" CO";"MIA";" IAH";2010;161876
" CO";"MIA";" MBJ";2010;169
" CO";"MIA";" MSY";2010;365
" CO";"MIA";" PBI";2010;346
" CO";"MIA";" PHL";2010;294
" CO";"MIA";" SHV";2010;99
" CO";"MID";" IAH";2010;31503
" CO";"MKC";" ATL";2010;57
" CO";"MKC";" BOS";2010;56
" CO";"MKC";" BWI";2010;51
" CO";"MKC";" IAH";2010;63
" CO";"MKC";" MSP";2010;52
" CO";"MKC";" PIE";2010;54
" CO";"MKC";" PTK";2010;56
" CO";"MKE";" ATL";2010;26
" CO";"MKE";" CVG";2010;153
" CO";"MKE";" DEN";2010;50
" CO";"MKE";" FLL";2010;51
" CO";"MKE";" IAH";2010;167
" CO";"MKE";" LAX";2010;54
" CO";"MKE";" LGA";2010;59
" CO";"MKE";" ORD";2010;443
" CO";"MKE";" SAN";2010;112
" CO";"MKE";" STL";2010;52
" CO";"MNL";" GUM";2010;1463
" CO";"MOB";" IAH";2010;102
" CO";"MSP";" BUF";2010;121
" CO";"MSP";" BWI";2010;56
" CO";"MSP";" CLE";2010;135
" CO";"MSP";" CVG";2010;62
" CO";"MSP";" DTW";2010;127
" CO";"MSP";" EWR";2010;268
" CO";"MSP";" IAH";2010;31104
" CO";"MSP";" MDW";2010;57
" CO";"MSP";" MKE";2010;47
" CO";"MSP";" OAK";2010;52
" CO";"MSP";" PIE";2010;56
" CO";"MSP";" SEA";2010;160
" CO";"MSP";" SFO";2010;53
" CO";"MSP";" TUL";2010;83
" CO";"MSP";" YYZ";2010;57
" CO";"MSY";" ATL";2010;219
" CO";"MSY";" AUS";2010;94
" CO";"MSY";" BNA";2010;143
" CO";"MSY";" BWI";2010;200
" CO";"MSY";" CLE";2010;132
" CO";"MSY";" CLT";2010;131
" CO";"MSY";" CVG";2010;151
" CO";"MSY";" DCA";2010;154
" CO";"MSY";" DFW";2010;145
" CO";"MSY";" EFD";2010;75
" CO";"MSY";" EWR";2010;76038
" CO";"MSY";" FLL";2010;159
" CO";"MSY";" IAD";2010;103
" CO";"MSY";" IAH";2010;431335
" CO";"MSY";" LFT";2010;157
" CO";"MSY";" MCO";2010;179
" CO";"MSY";" PHX";2010;151
" CO";"MSY";" SJC";2010;150
" CO";"MSY";" TPA";2010;152
" CO";"MTJ";" CMH";2010;108
" CO";"MTJ";" EWR";2010;1471
" CO";"MTJ";" IAH";2010;7328
" CO";"MTY";" IAH";2010;41663
" CO";"MUC";" BGR";2010;161
" CO";"MUC";" BWI";2010;155
" CO";"MUC";" DTW";2010;164
" CO";"MUC";" EWR";2010;43108
" CO";"MUC";" SWF";2010;128
" CO";"MXP";" BGR";2010;146
" CO";"MXP";" EWR";2010;46332
" CO";"MYJ";" GUM";2010;122
" CO";"MYR";" EWR";2010;1983
" CO";"MYR";" PBI";2010;121
" CO";"MZT";" IAH";2010;5089
" CO";"NAN";" GUM";2010;69
" CO";"NAN";" HNL";2010;71
" CO";"NAS";" ABE";2010;169
" CO";"NAS";" BWI";2010;114
" CO";"NAS";" CLE";2010;110
" CO";"NAS";" CLT";2010;145
" CO";"NAS";" EWR";2010;68115
" CO";"NAS";" IAH";2010;4934
" CO";"NAS";" ORF";2010;314
" CO";"NAS";" PHL";2010;301
" CO";"NAS";" RDU";2010;163
" CO";"NAS";" RIC";2010;171
" CO";"NGO";" GUM";2010;1722
" CO";"NRT";" BWI";2010;167
" CO";"NRT";" EWR";2010;82738
" CO";"NRT";" GUM";2010;6118
" CO";"NRT";" IAH";2010;92211
" CO";"NRT";" ROP";2010;296
" CO";"OAK";" BFI";2010;104
" CO";"OAK";" IAH";2010;160
" CO";"OAK";" LGB";2010;168
" CO";"OGG";" HNL";2010;146
" CO";"OGG";" LAX";2010;28059
" CO";"OGG";" SNA";2010;13549
" CO";"OKC";" DEN";2010;315
" CO";"OKC";" DFW";2010;45
" CO";"OKC";" IAH";2010;33068
" CO";"OKJ";" GUM";2010;445
" CO";"OMA";" EGE";2010;115
" CO";"OMA";" EWR";2010;470
" CO";"OMA";" IAH";2010;36736
" CO";"OMA";" MSP";2010;100
" CO";"OMA";" SFO";2010;324
" CO";"ONT";" AUS";2010;303
" CO";"ONT";" ELP";2010;143
" CO";"ONT";" IAH";2010;143966
" CO";"ONT";" SAN";2010;159
" CO";"ONT";" SNA";2010;90
" CO";"ORD";" ABE";2010;112
" CO";"ORD";" AUS";2010;159
" CO";"ORD";" BUF";2010;107
" CO";"ORD";" CLE";2010;385
" CO";"ORD";" DTW";2010;124
" CO";"ORD";" EFD";2010;121
" CO";"ORD";" EWR";2010;174773
" CO";"ORD";" HOU";2010;106
" CO";"ORD";" IAD";2010;48
" CO";"ORD";" IAH";2010;342540
" CO";"ORD";" LCH";2010;167
" CO";"ORD";" LFT";2010;105
" CO";"ORD";" MSY";2010;259
" CO";"ORD";" OKC";2010;108
" CO";"ORD";" PHL";2010;203
" CO";"ORD";" SHV";2010;163
" CO";"ORD";" SWF";2010;140
" CO";"ORF";" BWI";2010;160
" CO";"ORF";" EWR";2010;2130
" CO";"ORF";" PHL";2010;257
" CO";"OSL";" BOS";2010;159
" CO";"OSL";" EWR";2010;59259
" CO";"PBI";" BWI";2010;576
" CO";"PBI";" CLE";2010;9979
" CO";"PBI";" EWR";2010;257943
" CO";"PBI";" FLL";2010;443
" CO";"PBI";" IAD";2010;114
" CO";"PBI";" IAH";2010;57544
" CO";"PBI";" MIA";2010;217
" CO";"PDX";" ANC";2010;5469
" CO";"PDX";" AUS";2010;313
" CO";"PDX";" DEN";2010;171
" CO";"PDX";" DFW";2010;306
" CO";"PDX";" EWR";2010;88511
" CO";"PDX";" IAH";2010;196689
" CO";"PDX";" LFT";2010;138
" CO";"PDX";" SAT";2010;294
" CO";"PDX";" SEA";2010;154
" CO";"PEK";" EWR";2010;87069
" CO";"PHL";" ATL";2010;159
" CO";"PHL";" AUS";2010;305
" CO";"PHL";" BWI";2010;149
" CO";"PHL";" CVG";2010;49
" CO";"PHL";" EWR";2010;4417
" CO";"PHL";" IAH";2010;228169
" CO";"PHL";" LGA";2010;473
" CO";"PHL";" MEM";2010;152
" CO";"PHL";" MKE";2010;52
" CO";"PHL";" MSY";2010;320
" CO";"PHX";" ABE";2010;175
" CO";"PHX";" AUS";2010;144
" CO";"PHX";" CLE";2010;87227
" CO";"PHX";" DFW";2010;53
" CO";"PHX";" EWR";2010;179337
" CO";"PHX";" IAH";2010;239630
" CO";"PHX";" LAS";2010;1143
" CO";"PHX";" LAX";2010;639
" CO";"PHX";" LFT";2010;135
" CO";"PHX";" MCI";2010;149
" CO";"PHX";" MDW";2010;51
" CO";"PHX";" MKE";2010;115
" CO";"PHX";" MSY";2010;151
" CO";"PHX";" ORD";2010;68
" CO";"PHX";" PAE";2010;191
" CO";"PHX";" PHL";2010;129
" CO";"PHX";" SAN";2010;229
" CO";"PHX";" SAT";2010;85
" CO";"PHX";" SWF";2010;174
" CO";"PHX";" SYR";2010;160
" CO";"PHX";" TPA";2010;137
" CO";"PIB";" IAH";2010;153
" CO";"PIE";" ATL";2010;49
" CO";"PIE";" BFI";2010;55
" CO";"PIE";" BOS";2010;54
" CO";"PIE";" BWI";2010;289
" CO";"PIE";" CLE";2010;82
" CO";"PIE";" DFW";2010;84
" CO";"PIE";" LGA";2010;169
" CO";"PIE";" MCI";2010;53
" CO";"PIE";" MDW";2010;53
" CO";"PIE";" RDU";2010;57
" CO";"PIE";" SFO";2010;47
" CO";"PIE";" YYZ";2010;106
" CO";"PIT";" AUS";2010;121
" CO";"PIT";" CLE";2010;254
" CO";"PIT";" CVG";2010;65
" CO";"PIT";" DFW";2010;179
" CO";"PIT";" DTW";2010;156
" CO";"PIT";" EWR";2010;873
" CO";"PIT";" IAH";2010;85202
" CO";"PIT";" LGA";2010;266
" CO";"PIT";" MKE";2010;51
" CO";"PIT";" MSP";2010;48
" CO";"PIT";" ORD";2010;115
" CO";"PIT";" PHL";2010;44
" CO";"POP";" EWR";2010;45991
" CO";"POP";" IAH";2010;101
" CO";"POS";" EWR";2010;16878
" CO";"POS";" IAH";2010;37598
" CO";"POS";" LFT";2010;125
" CO";"POS";" MIA";2010;94
" CO";"PTY";" BWI";2010;149
" CO";"PTY";" EWR";2010;60151
" CO";"PTY";" IAD";2010;317
" CO";"PTY";" IAH";2010;96178
" CO";"PTY";" MCO";2010;7328
" CO";"PTY";" MSY";2010;145
" CO";"PTY";" ORF";2010;284
" CO";"PUB";" DEN";2010;148
" CO";"PUJ";" BWI";2010;173
" CO";"PUJ";" EWR";2010;78704
" CO";"PUJ";" MCO";2010;323
" CO";"PUJ";" SWF";2010;153
" CO";"PVD";" BOS";2010;88
" CO";"PVD";" BUF";2010;121
" CO";"PVD";" EWR";2010;339
" CO";"PVD";" MSY";2010;153
" CO";"PVG";" ALB";2010;137
" CO";"PVG";" CLE";2010;654
" CO";"PVG";" EWR";2010;85270
" CO";"PVG";" SWF";2010;526
" CO";"PVR";" CLE";2010;151
" CO";"PVR";" EWR";2010;13759
" CO";"PVR";" IAH";2010;68371
" CO";"PVR";" ORF";2010;151
" CO";"PVR";" SAT";2010;425
" CO";"RDU";" DCA";2010;121
" CO";"RDU";" EWR";2010;10601
" CO";"RDU";" IAH";2010;73570
" CO";"RDU";" LGA";2010;114
" CO";"RDU";" PIE";2010;62
" CO";"RIC";" BWI";2010;123
" CO";"RIC";" DCA";2010;286
" CO";"RIC";" EWR";2010;1102
" CO";"RIC";" PHL";2010;147
" CO";"RIC";" RDU";2010;108
" CO";"ROC";" EWR";2010;321
" CO";"ROC";" IAD";2010;151
" CO";"ROP";" NRT";2010;143
" CO";"ROR";" GUM";2010;800
" CO";"RSW";" BWI";2010;156
" CO";"RSW";" CLE";2010;67612
" CO";"RSW";" EWR";2010;139811
" CO";"RSW";" FLL";2010;124
" CO";"RSW";" IAH";2010;88630
" CO";"RSW";" JAX";2010;159
" CO";"RSW";" MCO";2010;272
" CO";"RSW";" MIA";2010;419
" CO";"RSW";" PHL";2010;153
" CO";"RSW";" RDU";2010;175
" CO";"RSW";" SAL";2010;129
" CO";"RTB";" EWR";2010;533
" CO";"RTB";" IAH";2010;20618
" CO";"RTB";" RDU";2010;55
" CO";"RTB";" SAT";2010;37
" CO";"SAL";" AUS";2010;131
" CO";"SAL";" EWR";2010;7416
" CO";"SAL";" IAH";2010;79221
" CO";"SAL";" MSY";2010;344
" CO";"SAL";" SAT";2010;138
" CO";"SAN";" ABE";2010;160
" CO";"SAN";" AUS";2010;304
" CO";"SAN";" BUF";2010;159
" CO";"SAN";" BWI";2010;51
" CO";"SAN";" CLE";2010;2753
" CO";"SAN";" DFW";2010;160
" CO";"SAN";" EWR";2010;161434
" CO";"SAN";" IAH";2010;321709
" CO";"SAN";" IND";2010;147
" CO";"SAN";" LAS";2010;158
" CO";"SAN";" ORD";2010;141
" CO";"SAN";" PHX";2010;171
" CO";"SAN";" SAT";2010;463
" CO";"SAN";" SWF";2010;152
" CO";"SAP";" EWR";2010;6423
" CO";"SAP";" IAH";2010;44074
" CO";"SAP";" LCH";2010;137
" CO";"SAT";" AUS";2010;93
" CO";"SAT";" BWI";2010;304
" CO";"SAT";" DFW";2010;98
" CO";"SAT";" EWR";2010;60046
" CO";"SAT";" IAH";2010;329734
" CO";"SAT";" PVR";2010;140
" CO";"SAT";" SWO";2010;129
" CO";"SAV";" MCO";2010;123
" CO";"SDF";" EWR";2010;738
" CO";"SDF";" IAH";2010;763
" CO";"SDJ";" GUM";2010;653
" CO";"SDQ";" BWI";2010;156
" CO";"SDQ";" EWR";2010;84439
" CO";"SDQ";" MCO";2010;211
" CO";"SDQ";" ORF";2010;174
" CO";"SEA";" AMA";2010;173
" CO";"SEA";" ANC";2010;83902
" CO";"SEA";" BUF";2010;166
" CO";"SEA";" CLE";2010;24320
" CO";"SEA";" EWR";2010;181464
" CO";"SEA";" FAR";2010;314
" CO";"SEA";" IAH";2010;371279
" CO";"SEA";" LAS";2010;91
" CO";"SEA";" MSY";2010;149
" CO";"SEA";" PDX";2010;142
" CO";"SEA";" PHL";2010;146
" CO";"SEA";" SAT";2010;506
" CO";"SEA";" SLC";2010;173
" CO";"SEA";" SYR";2010;157
" CO";"SFO";" ABE";2010;173
" CO";"SFO";" ALB";2010;154
" CO";"SFO";" AUS";2010;477
" CO";"SFO";" CLE";2010;64365
" CO";"SFO";" CRP";2010;125
" CO";"SFO";" DFW";2010;149
" CO";"SFO";" DTW";2010;245
" CO";"SFO";" EWR";2010;306630
" CO";"SFO";" HNL";2010;228
" CO";"SFO";" IAD";2010;155
" CO";"SFO";" IAH";2010;352649
" CO";"SFO";" IND";2010;138
" CO";"SFO";" LAX";2010;60
" CO";"SFO";" MKE";2010;58
" CO";"SFO";" MSY";2010;150
" CO";"SFO";" OGG";2010;86
" CO";"SFO";" PHL";2010;504
" CO";"SFO";" SAN";2010;43
" CO";"SFO";" SMF";2010;141
" CO";"SFO";" SWF";2010;153
" CO";"SFO";" SYR";2010;170
" CO";"SFO";" TPA";2010;122
" CO";"SHV";" DFW";2010;70
" CO";"SHV";" IAH";2010;572
" CO";"SJC";" ABQ";2010;128
" CO";"SJC";" AUS";2010;303
" CO";"SJC";" BPT";2010;111
" CO";"SJC";" DAL";2010;36
" CO";"SJC";" IAH";2010;132216
" CO";"SJC";" LCH";2010;155
" CO";"SJC";" SAT";2010;153
" CO";"SJC";" SFO";2010;460
" CO";"SJD";" AUS";2010;277
" CO";"SJD";" ELP";2010;50
" CO";"SJD";" EWR";2010;25485
" CO";"SJD";" IAH";2010;73562
" CO";"SJD";" SAT";2010;158
" CO";"SJO";" AUS";2010;371
" CO";"SJO";" BRO";2010;138
" CO";"SJO";" EWR";2010;88525
" CO";"SJO";" IAH";2010;150365
" CO";"SJO";" LFT";2010;279
" CO";"SJO";" PHL";2010;288
" CO";"SJU";" BTR";2010;124
" CO";"SJU";" CLE";2010;5303
" CO";"SJU";" EWR";2010;163694
" CO";"SJU";" FLL";2010;334
" CO";"SJU";" GRU";2010;111
" CO";"SJU";" IAD";2010;168
" CO";"SJU";" IAH";2010;91538
" CO";"SJU";" MIA";2010;166
" CO";"SJU";" MSY";2010;156
" CO";"SJU";" PHL";2010;170
" CO";"SJU";" POS";2010;134
" CO";"SLC";" AUS";2010;146
" CO";"SLC";" IAH";2010;88921
" CO";"SLC";" PDX";2010;160
" CO";"SLC";" SAT";2010;155
" CO";"SLC";" SFO";2010;163
" CO";"SMF";" CRP";2010;171
" CO";"SMF";" DFW";2010;165
" CO";"SMF";" IAH";2010;160616
" CO";"SMF";" LAS";2010;162
" CO";"SMF";" MSY";2010;151
" CO";"SMF";" SAT";2010;159
" CO";"SMF";" SFO";2010;351
" CO";"SNA";" ALB";2010;124
" CO";"SNA";" AUS";2010;547
" CO";"SNA";" BDL";2010;120
" CO";"SNA";" BOS";2010;116
" CO";"SNA";" DEN";2010;394
" CO";"SNA";" EWR";2010;96767
" CO";"SNA";" HNL";2010;18065
" CO";"SNA";" IAH";2010;185679
" CO";"SNA";" LCH";2010;148
" CO";"SNA";" LGA";2010;94
" CO";"SNA";" MSY";2010;33
" CO";"SNA";" OGG";2010;11980
" CO";"SNA";" OMA";2010;123
" CO";"SNA";" ONT";2010;131
" CO";"SNA";" SAT";2010;478
" CO";"SNA";" SFO";2010;86
" CO";"SNA";" SWF";2010;122
" CO";"SNN";" EWR";2010;60984
" CO";"STL";" EWR";2010;146
" CO";"STL";" IAH";2010;130
" CO";"STL";" MKE";2010;201
" CO";"STL";" ORD";2010;483
" CO";"STL";" SFO";2010;268
" CO";"STT";" ANU";2010;88
" CO";"STT";" EWR";2010;30533
" CO";"SWF";" CLE";2010;121
" CO";"SWF";" EWR";2010;4516
" CO";"SWF";" LGA";2010;290
" CO";"SWO";" ACT";2010;162
" CO";"SWO";" AUS";2010;151
" CO";"SWO";" CLL";2010;160
" CO";"SWO";" LBB";2010;136
" CO";"SWO";" LFT";2010;135
" CO";"SWO";" SAT";2010;140
" CO";"SXM";" BWI";2010;121
" CO";"SXM";" EWR";2010;41566
" CO";"SXM";" SWF";2010;121
" CO";"SYR";" CAK";2010;137
" CO";"SYR";" CKB";2010;136
" CO";"SYR";" CVG";2010;138
" CO";"SYR";" EWR";2010;980
" CO";"SYR";" SEA";2010;160
" CO";"SYR";" TPA";2010;133
" CO";"TGU";" IAH";2010;31408
" CO";"TGU";" LCH";2010;108
" CO";"TKK";" GUM";2010;563
" CO";"TLH";" IAH";2010;130
" CO";"TLH";" MCO";2010;156
" CO";"TLV";" BGR";2010;283
" CO";"TLV";" EWR";2010;176158
" CO";"TLV";" ORD";2010;207
" CO";"TOY";" GUM";2010;115
" CO";"TPA";" ACY";2010;109
" CO";"TPA";" ATL";2010;137
" CO";"TPA";" BWI";2010;296
" CO";"TPA";" CLE";2010;65018
" CO";"TPA";" CLT";2010;318
" CO";"TPA";" CVG";2010;343
" CO";"TPA";" DCA";2010;147
" CO";"TPA";" DTW";2010;130
" CO";"TPA";" EFD";2010;144
" CO";"TPA";" EWR";2010;260592
" CO";"TPA";" FLL";2010;261
" CO";"TPA";" GSP";2010;50
" CO";"TPA";" IAH";2010;234009
" CO";"TPA";" MCO";2010;209
" CO";"TPA";" MFE";2010;139
" CO";"TPA";" MIA";2010;150
" CO";"TPA";" MSY";2010;493
" CO";"TPA";" PHL";2010;148
" CO";"TPA";" PHX";2010;133
" CO";"TPA";" PVD";2010;153
" CO";"TPA";" RIC";2010;175
" CO";"TPA";" RSW";2010;173
" CO";"TPA";" SFO";2010;164
" CO";"TPA";" SYR";2010;142
" CO";"TUL";" EWR";2010;124
" CO";"TUL";" IAH";2010;21705
" CO";"TUS";" IAH";2010;32811
" CO";"TUS";" PHX";2010;285
" CO";"TXL";" BGR";2010;284
" CO";"TXL";" BOS";2010;128
" CO";"TXL";" EWR";2010;44174
" CO";"TXL";" SWF";2010;295
" CO";"UIO";" IAH";2010;34225
" CO";"UIO";" MSY";2010;189
" CO";"YAP";" GUM";2010;161
" CO";"YEG";" IAH";2010;37462
" CO";"YHZ";" EWR";2010;589
" CO";"YQB";" EWR";2010;2287
" CO";"YQM";" EWR";2010;120
" CO";"YQX";" EWR";2010;1574
" CO";"YUL";" EWR";2010;248
" CO";"YVR";" EWR";2010;11523
" CO";"YVR";" IAH";2010;75012
" CO";"YYC";" IAH";2010;106226
" CO";"YYC";" MSY";2010;109
" CO";"YYR";" EWR";2010;2638
" CO";"YYR";" IAH";2010;211
" CO";"YYT";" EWR";2010;6543
" CO";"YYZ";" BOS";2010;51
" CO";"YYZ";" DFW";2010;50
" CO";"YYZ";" EWR";2010;7658
" CO";"YYZ";" IAH";2010;1854
" CO";"YYZ";" MCI";2010;54
" CO";"YYZ";" MKC";2010;58
" CO";"YYZ";" PIE";2010;121
" CO";"YYZ";" PTK";2010;52
" CO";"ZIH";" IAH";2010;8443
" CO";"ZRH";" BGR";2010;130
" CO";"ZRH";" BOS";2010;152
" CO";"ZRH";" EWR";2010;49388
